Date,Open,High,Low,Close,Volume,Adj Close
2013-05-23,0.34,0.34,0.34,0.34,000,0.34
2013-05-22,0.32,0.35,0.31,0.34,3900,0.34
2013-05-21,0.33,0.35,0.33,0.35,900,0.35
2013-05-20,0.35,0.35,0.35,0.35,700,0.35
2013-05-17,0.37,0.37,0.33,0.35,1400,0.35
2013-05-16,0.36,0.37,0.36,0.36,700,0.36
2013-05-15,0.36,0.36,0.36,0.36,300,0.36
2013-05-14,0.36,0.36,0.36,0.36,000,0.36
2013-05-13,0.35,0.36,0.35,0.36,200,0.36
2013-05-10,0.36,0.36,0.36,0.36,000,0.36
2013-05-09,0.37,0.37,0.35,0.35,400,0.35
2013-05-08,0.35,0.35,0.35,0.35,1200,0.35
2013-05-07,0.35,0.35,0.35,0.35,000,0.35
2013-05-06,0.35,0.35,0.35,0.35,000,0.35
2013-05-03,0.35,0.35,0.35,0.35,000,0.35
2013-05-02,0.35,0.35,0.35,0.35,000,0.35
2013-05-01,0.35,0.35,0.35,0.35,000,0.35
2013-04-30,0.33,0.35,0.33,0.35,200,0.35
2013-04-29,0.35,0.35,0.35,0.35,300,0.35
2013-04-26,0.32,0.34,0.32,0.34,1000,0.34
2013-04-25,0.34,0.34,0.34,0.34,100,0.34
2013-04-24,0.30,0.33,0.30,0.33,100,0.33
2013-04-23,0.30,0.33,0.30,0.33,800,0.33
2013-04-22,0.33,0.33,0.29,0.33,900,0.33
2013-04-19,0.32,0.32,0.32,0.32,900,0.32
2013-04-18,0.32,0.32,0.31,0.31,400,0.31
2013-04-17,0.30,0.31,0.30,0.31,500,0.31
2013-04-16,0.31,0.31,0.31,0.31,300,0.31
2013-04-15,0.32,0.32,0.31,0.31,600,0.31
2013-04-12,0.31,0.31,0.31,0.31,600,0.31
2013-04-11,0.31,0.31,0.31,0.31,500,0.31
2013-04-10,0.29,0.30,0.29,0.30,700,0.30
2013-04-09,0.28,0.30,0.28,0.29,4100,0.29
2013-04-08,0.31,0.31,0.31,0.31,000,0.31
2013-04-05,0.31,0.31,0.31,0.31,000,0.31
2013-04-04,0.31,0.31,0.31,0.31,000,0.31
2013-04-03,0.31,0.31,0.31,0.31,100,0.31
2013-04-02,0.31,0.31,0.31,0.31,000,0.31
2013-04-01,0.31,0.31,0.31,0.31,000,0.31
2013-03-29,0.31,0.31,0.31,0.31,000,0.31
2013-03-28,0.32,0.32,0.31,0.31,1100,0.31
2013-03-27,0.28,0.30,0.28,0.30,7700,0.30
2013-03-26,0.31,0.31,0.31,0.31,100,0.31
2013-03-25,0.30,0.30,0.30,0.30,000,0.30
2013-03-22,0.27,0.30,0.27,0.30,700,0.30
2013-03-21,0.29,0.31,0.29,0.30,2800,0.30
2013-03-20,0.30,0.32,0.30,0.32,600,0.32
2013-03-19,0.33,0.33,0.33,0.33,000,0.33
2013-03-18,0.33,0.33,0.33,0.33,000,0.33
2013-03-15,0.33,0.33,0.33,0.33,000,0.33
2013-03-14,0.33,0.33,0.33,0.33,100,0.33
2013-03-13,0.31,0.32,0.31,0.32,6900,0.32
2013-03-12,0.30,0.32,0.30,0.32,300,0.32
2013-03-11,0.32,0.32,0.32,0.32,100,0.32
2013-03-08,0.31,0.31,0.31,0.31,3600,0.31
2013-03-07,0.31,0.32,0.30,0.31,8500,0.31
2013-03-06,0.34,0.34,0.33,0.34,1100,0.34
2013-03-05,0.35,0.35,0.31,0.34,100,0.34
2013-03-04,0.32,0.35,0.32,0.34,1500,0.34
2013-03-01,0.35,0.35,0.35,0.35,000,0.35
2013-02-28,0.35,0.35,0.35,0.35,200,0.35
2013-02-27,0.34,0.34,0.34,0.34,000,0.34
2013-02-26,0.34,0.34,0.34,0.34,000,0.34
2013-02-25,0.33,0.34,0.33,0.34,1300,0.34
2013-02-22,0.34,0.34,0.34,0.34,300,0.34
2013-02-21,0.34,0.34,0.34,0.34,000,0.34
2013-02-20,0.31,0.34,0.31,0.34,300,0.34
2013-02-19,0.34,0.34,0.34,0.34,000,0.34
2013-02-18,0.33,0.34,0.31,0.34,300,0.34
2013-02-15,0.33,0.33,0.33,0.33,200,0.33
2013-02-14,0.32,0.33,0.31,0.33,500,0.33
2013-02-13,0.31,0.34,0.30,0.32,2900,0.32
2013-02-12,0.31,0.32,0.31,0.32,3300,0.32
2013-02-11,0.30,0.31,0.30,0.31,3400,0.31
2013-02-08,0.34,0.34,0.31,0.31,4100,0.31
2013-02-07,0.30,0.33,0.30,0.33,2300,0.33
2013-02-06,0.31,0.33,0.30,0.31,2700,0.31
2013-02-05,0.32,0.35,0.31,0.32,3000,0.32
2013-02-04,0.30,0.33,0.30,0.32,6000,0.32
2013-02-01,0.30,0.32,0.30,0.31,11900,0.31
2013-01-31,0.36,0.36,0.35,0.36,2200,0.36
2013-01-30,0.37,0.38,0.37,0.37,1400,0.37
2013-01-29,0.39,0.40,0.36,0.36,6700,0.36
2013-01-28,0.37,0.39,0.36,0.38,6500,0.38
2013-01-25,0.36,0.37,0.36,0.37,1600,0.37
2013-01-24,0.37,0.38,0.35,0.37,2900,0.37
2013-01-23,0.38,0.38,0.37,0.38,1800,0.38
2013-01-22,0.36,0.38,0.35,0.38,10000,0.38
2013-01-21,0.35,0.37,0.34,0.36,6200,0.36
2013-01-18,0.39,0.39,0.36,0.37,9100,0.37
2013-01-17,0.37,0.38,0.34,0.36,26900,0.36
2013-01-16,0.44,0.44,0.35,0.38,72900,0.38
2013-01-15,0.51,0.51,0.44,0.46,9900,0.46
2013-01-14,0.54,0.54,0.53,0.54,8800,0.54
2013-01-11,0.54,0.54,0.54,0.54,1000,0.54
2013-01-10,0.55,0.55,0.52,0.54,9100,0.54
2013-01-09,0.53,0.54,0.53,0.54,1200,0.54
2013-01-08,0.54,0.56,0.52,0.54,16700,0.54
2013-01-07,0.52,0.53,0.50,0.53,6000,0.53
2013-01-04,0.49,0.54,0.49,0.52,12800,0.52
2013-01-03,0.51,0.52,0.51,0.52,4100,0.52
2013-01-02,0.51,0.52,0.50,0.51,34800,0.51
2013-01-01,0.50,0.50,0.50,0.50,000,0.50
2012-12-31,0.50,0.50,0.50,0.50,000,0.50
2012-12-28,0.50,0.50,0.46,0.50,11900,0.50
2012-12-27,0.51,0.51,0.50,0.50,9500,0.50
2012-12-26,0.49,0.49,0.49,0.49,000,0.49
2012-12-25,0.49,0.49,0.49,0.49,000,0.49
2012-12-24,0.49,0.49,0.49,0.49,000,0.49
2012-12-21,0.48,0.49,0.46,0.49,11800,0.49
2012-12-20,0.46,0.47,0.46,0.46,2400,0.46
2012-12-19,0.43,0.45,0.42,0.45,32800,0.45
2012-12-18,0.39,0.43,0.39,0.43,1300,0.43
2012-12-17,0.39,0.43,0.38,0.42,3500,0.42
2012-12-14,0.40,0.42,0.40,0.42,3000,0.42
2012-12-13,0.37,0.40,0.37,0.40,13600,0.40
2012-12-12,0.35,0.37,0.35,0.37,1600,0.37
2012-12-11,0.35,0.38,0.34,0.37,10300,0.37
2012-12-10,0.39,0.39,0.34,0.36,4200,0.36
2012-12-07,0.36,0.37,0.34,0.36,3500,0.36
2012-12-06,0.34,0.34,0.34,0.34,500,0.34
2012-12-05,0.34,0.34,0.34,0.34,300,0.34
2012-12-04,0.36,0.36,0.34,0.34,300,0.34
2012-12-03,0.35,0.35,0.34,0.34,100,0.34
2012-11-30,0.33,0.34,0.33,0.34,2000,0.34
2012-11-29,0.34,0.34,0.34,0.34,1900,0.34
2012-11-28,0.34,0.34,0.34,0.34,000,0.34
2012-11-27,0.33,0.34,0.33,0.34,900,0.34
2012-11-26,0.34,0.34,0.34,0.34,300,0.34
2012-11-23,0.31,0.33,0.31,0.33,100,0.33
2012-11-22,0.31,0.34,0.31,0.34,400,0.34
2012-11-21,0.34,0.34,0.34,0.34,000,0.34
2012-11-20,0.34,0.34,0.34,0.34,000,0.34
2012-11-19,0.35,0.35,0.35,0.35,000,0.35
2012-11-16,0.35,0.35,0.35,0.35,000,0.35
2012-11-15,0.35,0.35,0.35,0.35,000,0.35
2012-11-14,0.35,0.35,0.35,0.35,000,0.35
2012-11-13,0.35,0.35,0.35,0.35,000,0.35
2012-11-12,0.35,0.35,0.35,0.35,000,0.35
2012-11-09,0.35,0.35,0.35,0.35,000,0.35
2012-11-08,0.35,0.35,0.35,0.35,000,0.35
2012-11-07,0.35,0.35,0.35,0.35,000,0.35
2012-11-06,0.35,0.35,0.35,0.35,000,0.35
2012-11-05,0.35,0.35,0.35,0.35,000,0.35
2012-11-02,0.35,0.35,0.35,0.35,100,0.35
2012-11-01,0.35,0.35,0.34,0.34,2000,0.34
2012-10-31,0.34,0.34,0.34,0.34,300,0.34
2012-10-30,0.35,0.35,0.35,0.35,000,0.35
2012-10-29,0.35,0.35,0.35,0.35,000,0.35
2012-10-26,0.35,0.35,0.35,0.35,000,0.35
2012-10-25,0.40,0.40,0.27,0.35,10200,0.35
2012-10-24,0.27,0.36,0.27,0.36,400,0.36
2012-10-23,0.26,0.36,0.26,0.36,200,0.36
2012-10-22,0.36,0.36,0.36,0.36,000,0.36
2012-10-19,0.26,0.36,0.26,0.36,1800,0.36
2012-10-18,0.37,0.37,0.26,0.36,400,0.36
2012-10-17,0.40,0.40,0.36,0.37,100,0.37
2012-10-16,0.37,0.37,0.37,0.37,000,0.37
2012-10-15,0.40,0.40,0.36,0.37,300,0.37
2012-10-12,0.37,0.37,0.36,0.36,100,0.36
2012-10-11,0.37,0.37,0.36,0.37,900,0.37
2012-10-10,0.38,0.38,0.37,0.37,200,0.37
2012-10-09,0.41,0.41,0.26,0.36,1700,0.36
2012-10-08,0.26,0.37,0.26,0.37,600,0.37
2012-10-05,0.37,0.37,0.37,0.37,000,0.37
2012-10-04,0.37,0.37,0.37,0.37,000,0.37
2012-10-03,0.37,0.37,0.37,0.37,200,0.37
2012-10-02,0.38,0.38,0.34,0.38,1000,0.38
2012-10-01,0.44,0.44,0.38,0.38,400,0.38
2012-09-28,0.41,0.41,0.41,0.41,000,0.41
2012-09-27,0.41,0.41,0.38,0.38,100,0.38
2012-09-26,0.40,0.40,0.38,0.38,000,0.38
2012-09-25,0.37,0.40,0.37,0.38,700,0.38
2012-09-24,0.41,0.41,0.34,0.37,3800,0.37
2012-09-21,0.38,0.38,0.38,0.38,000,0.38
2012-09-20,0.38,0.38,0.31,0.35,7000,0.35
2012-09-19,0.33,0.36,0.32,0.35,700,0.35
2012-09-18,0.36,0.36,0.30,0.32,11600,0.32
2012-09-17,0.30,0.33,0.30,0.33,600,0.33
2012-09-14,0.28,0.30,0.28,0.30,300,0.30
2012-09-13,0.30,0.30,0.27,0.28,16100,0.28
2012-09-12,0.30,0.30,0.25,0.27,4100,0.27
2012-09-11,0.23,0.27,0.23,0.27,7400,0.27
2012-09-10,0.20,0.25,0.20,0.25,18900,0.25
2012-09-07,0.28,0.28,0.22,0.22,1600,0.22
2012-09-06,0.28,0.28,0.23,0.25,2000,0.25
2012-09-05,0.25,0.25,0.25,0.25,800,0.25
2012-09-04,0.25,0.25,0.25,0.25,500,0.25
2012-09-03,0.25,0.25,0.25,0.25,200,0.25
2012-08-31,0.25,0.25,0.25,0.25,8400,0.25
2012-08-30,0.23,0.28,0.23,0.25,5100,0.25
2012-08-29,0.25,0.25,0.25,0.25,1400,0.25
2012-08-28,0.25,0.25,0.25,0.25,1300,0.25
2012-08-27,0.25,0.25,0.25,0.25,300,0.25
2012-08-24,0.30,0.30,0.25,0.25,3700,0.25
2012-08-23,0.27,0.27,0.27,0.27,000,0.27
2012-08-22,0.26,0.27,0.26,0.27,200,0.27
2012-08-21,0.27,0.27,0.27,0.27,000,0.27
2012-08-20,0.26,0.27,0.26,0.27,800,0.27
2012-08-17,0.25,0.27,0.25,0.27,200,0.27
2012-08-16,0.27,0.27,0.27,0.27,000,0.27
2012-08-15,0.27,0.27,0.27,0.27,000,0.27
2012-08-14,0.27,0.27,0.27,0.27,000,0.27
2012-08-13,0.30,0.30,0.27,0.27,3800,0.27
2012-08-10,0.27,0.27,0.27,0.27,1700,0.27
2012-08-09,0.28,0.28,0.28,0.28,000,0.28
2012-08-08,0.28,0.28,0.28,0.28,500,0.28
2012-08-07,0.29,0.29,0.29,0.29,000,0.29
2012-08-06,0.29,0.29,0.29,0.29,000,0.29
2012-08-03,0.32,0.32,0.29,0.29,500,0.29
2012-08-02,0.32,0.32,0.29,0.29,1000,0.29
2012-08-01,0.32,0.32,0.29,0.29,500,0.29
2012-07-31,0.29,0.29,0.29,0.29,1000,0.29
2012-07-30,0.32,0.32,0.32,0.32,000,0.32
2012-07-27,0.29,0.29,0.29,0.29,000,0.29
2012-07-26,0.29,0.29,0.29,0.29,000,0.29
2012-07-25,0.31,0.31,0.29,0.29,200,0.29
2012-07-24,0.26,0.28,0.26,0.28,1500,0.28
2012-07-23,0.33,0.33,0.27,0.29,2100,0.29
2012-07-20,0.30,0.30,0.30,0.30,000,0.30
2012-07-19,0.30,0.30,0.30,0.30,100,0.30
2012-07-18,0.26,0.29,0.26,0.29,900,0.29
2012-07-17,0.29,0.29,0.29,0.29,2700,0.29
2012-07-16,0.29,0.30,0.29,0.29,3500,0.29
2012-07-13,0.30,0.30,0.30,0.30,100,0.30
2012-07-12,0.27,0.30,0.27,0.30,700,0.30
2012-07-11,0.30,0.30,0.30,0.30,000,0.30
2012-07-10,0.30,0.30,0.30,0.30,000,0.30
2012-07-09,0.29,0.30,0.29,0.30,100,0.30
2012-07-06,0.30,0.30,0.30,0.30,000,0.30
2012-07-05,0.28,0.30,0.28,0.30,5100,0.30
2012-07-04,0.30,0.30,0.29,0.29,9500,0.29
2012-07-03,0.27,0.29,0.27,0.29,4900,0.29
2012-07-02,0.28,0.30,0.27,0.30,25900,0.30
2012-06-29,0.27,0.27,0.27,0.27,000,0.27
2012-06-28,0.28,0.28,0.27,0.27,000,0.27
2012-06-27,0.27,0.27,0.27,0.27,000,0.27
2012-06-26,0.27,0.27,0.27,0.27,000,0.27
2012-06-25,0.27,0.27,0.27,0.27,000,0.27
2012-06-22,0.25,0.25,0.25,0.25,000,0.25
2012-06-21,0.25,0.25,0.25,0.25,000,0.25
2012-06-20,0.23,0.25,0.23,0.25,9000,0.25
2012-06-19,0.25,0.27,0.25,0.25,5600,0.25
2012-06-18,0.26,0.27,0.25,0.25,600,0.25
2012-06-15,0.25,0.25,0.25,0.25,000,0.25
2012-06-14,0.25,0.25,0.25,0.25,000,0.25
2012-06-13,0.25,0.25,0.25,0.25,000,0.25
2012-06-12,0.25,0.25,0.25,0.25,000,0.25
2012-06-11,0.25,0.25,0.25,0.25,100,0.25
2012-06-08,0.22,0.24,0.22,0.24,2100,0.24
2012-06-07,0.22,0.25,0.22,0.25,4000,0.25
2012-06-06,0.22,0.25,0.22,0.25,1900,0.25
2012-06-05,0.22,0.25,0.22,0.25,2300,0.25
2012-06-04,0.25,0.25,0.25,0.25,000,0.25
2012-06-01,0.25,0.25,0.25,0.25,100,0.25
2012-05-31,0.24,0.24,0.24,0.24,000,0.24
2012-05-30,0.24,0.24,0.24,0.24,500,0.24
2012-05-29,0.25,0.25,0.25,0.25,000,0.25
2012-05-28,0.25,0.25,0.25,0.25,100,0.25
2012-05-25,0.21,0.24,0.21,0.23,4400,0.23
2012-05-24,0.22,0.24,0.22,0.23,3800,0.23
2012-05-23,0.22,0.24,0.22,0.24,2200,0.24
2012-05-22,0.22,0.24,0.22,0.24,2400,0.24
2012-05-21,0.24,0.24,0.24,0.24,500,0.24
2012-05-18,0.24,0.26,0.24,0.26,1200,0.26
2012-05-17,0.27,0.27,0.27,0.27,900,0.27
2012-05-16,0.30,0.30,0.29,0.30,300,0.30
2012-05-15,0.36,0.36,0.32,0.32,200,0.32
2012-05-14,0.34,0.37,0.34,0.34,1200,0.34
2012-05-11,0.37,0.37,0.37,0.37,100,0.37
2012-05-10,0.38,0.38,0.38,0.38,000,0.38
2012-05-09,0.38,0.38,0.38,0.38,000,0.38
2012-05-08,0.34,0.38,0.34,0.38,400,0.38
2012-05-07,0.38,0.38,0.38,0.38,000,0.38
2012-05-04,0.38,0.38,0.38,0.38,000,0.38
2012-05-03,0.38,0.38,0.38,0.38,000,0.38
2012-05-02,0.38,0.38,0.38,0.38,000,0.38
2012-05-01,0.38,0.38,0.38,0.38,000,0.38
2012-04-30,0.38,0.38,0.38,0.38,000,0.38
2012-04-27,0.38,0.38,0.38,0.38,000,0.38
2012-04-26,0.38,0.38,0.38,0.38,000,0.38
2012-04-25,0.38,0.38,0.38,0.38,000,0.38
2012-04-24,0.38,0.38,0.38,0.38,000,0.38
2012-04-23,0.38,0.38,0.38,0.38,000,0.38
2012-04-20,0.38,0.38,0.38,0.38,100,0.38
2012-04-19,0.39,0.39,0.39,0.39,000,0.39
2012-04-18,0.39,0.39,0.39,0.39,000,0.39
2012-04-17,0.39,0.39,0.39,0.39,000,0.39
2012-04-16,0.39,0.39,0.39,0.39,000,0.39
2012-04-13,0.39,0.39,0.39,0.39,000,0.39
2012-04-12,0.39,0.39,0.39,0.39,000,0.39
2012-04-11,0.40,0.40,0.39,0.39,200,0.39
2012-04-10,0.39,0.39,0.39,0.39,000,0.39
2012-04-09,0.39,0.39,0.39,0.39,000,0.39
2012-04-06,0.39,0.39,0.39,0.39,000,0.39
2012-04-05,0.39,0.39,0.39,0.39,000,0.39
2012-04-04,0.39,0.39,0.39,0.39,000,0.39
2012-04-03,0.39,0.39,0.39,0.39,100,0.39
2012-04-02,0.28,0.39,0.28,0.33,6300,0.33
2012-03-30,0.40,0.40,0.40,0.40,000,0.40
2012-03-29,0.40,0.40,0.40,0.40,000,0.40
2012-03-28,0.40,0.40,0.40,0.40,000,0.40
2012-03-27,0.28,0.40,0.28,0.40,200,0.40
2012-03-26,0.40,0.40,0.40,0.40,000,0.40
2012-03-23,0.40,0.40,0.40,0.40,000,0.40
2012-03-22,0.40,0.40,0.40,0.40,000,0.40
2012-03-21,0.40,0.40,0.40,0.40,000,0.40
2012-03-20,0.40,0.40,0.40,0.40,160200,0.40
2012-03-19,0.40,0.40,0.40,0.40,000,0.40
2012-03-16,0.40,0.40,0.40,0.40,000,0.40
2012-03-15,0.40,0.40,0.40,0.40,000,0.40
2012-03-14,0.40,0.40,0.40,0.40,100,0.40
2012-03-13,0.28,0.40,0.28,0.40,200,0.40
2012-03-12,0.40,0.40,0.40,0.40,100,0.40
2012-03-09,0.40,0.40,0.38,0.38,1200,0.38
2012-03-08,0.39,0.39,0.39,0.39,000,0.39
2012-03-07,0.35,0.39,0.35,0.39,200,0.39
2012-03-06,0.28,0.39,0.28,0.39,1400,0.39
2012-03-05,0.39,0.39,0.39,0.39,000,0.39
2012-03-02,0.39,0.39,0.39,0.39,000,0.39
2012-03-01,0.29,0.39,0.29,0.39,400,0.39
2012-02-29,0.35,0.40,0.35,0.39,1000,0.39
2012-02-28,0.36,0.40,0.36,0.39,1900,0.39
2012-02-27,0.40,0.40,0.40,0.40,000,0.40
2012-02-24,0.40,0.40,0.40,0.40,000,0.40
2012-02-23,0.36,0.40,0.36,0.40,100,0.40
2012-02-22,0.40,0.40,0.40,0.40,000,0.40
2012-02-21,0.40,0.40,0.40,0.40,000,0.40
2012-02-20,0.39,0.40,0.39,0.40,6100,0.40
2012-02-17,0.36,0.40,0.36,0.40,100,0.40
2012-02-16,0.40,0.40,0.40,0.40,000,0.40
2012-02-15,0.40,0.40,0.40,0.40,000,0.40
2012-02-14,0.39,0.40,0.39,0.40,300,0.40
2012-02-13,0.40,0.40,0.40,0.40,000,0.40
2012-02-10,0.38,0.40,0.38,0.40,100,0.40
2012-02-09,0.39,0.40,0.38,0.38,900,0.38
2012-02-08,0.40,0.40,0.38,0.38,300,0.38
2012-02-07,0.38,0.38,0.38,0.38,1300,0.38
2012-02-06,0.39,0.39,0.35,0.39,150400,0.39
2012-02-03,0.38,0.39,0.38,0.38,300,0.38
2012-02-02,0.39,0.39,0.34,0.38,3100,0.38
2012-02-01,0.40,0.40,0.37,0.38,3600,0.38
2012-01-31,0.35,0.38,0.35,0.38,600,0.38
2012-01-30,0.39,0.39,0.27,0.37,2100,0.37
2012-01-27,0.38,0.38,0.38,0.38,300,0.38
2012-01-26,0.40,0.40,0.27,0.39,300,0.39
2012-01-25,0.37,0.37,0.37,0.37,300,0.37
2012-01-24,0.40,0.40,0.37,0.37,300,0.37
2012-01-23,0.37,0.37,0.37,0.37,100,0.37
2012-01-20,0.37,0.37,0.37,0.37,100,0.37
2012-01-19,0.30,0.37,0.30,0.37,4000,0.37
2012-01-18,0.26,0.38,0.26,0.37,100,0.37
2012-01-17,0.37,0.38,0.27,0.38,1400,0.38
2012-01-16,0.27,0.37,0.27,0.37,1200,0.37
2012-01-13,0.38,0.38,0.38,0.38,000,0.38
2012-01-12,0.38,0.38,0.38,0.38,000,0.38
2012-01-11,0.37,0.39,0.37,0.37,400,0.37
2012-01-10,0.38,0.38,0.38,0.38,000,0.38
2012-01-09,0.38,0.38,0.38,0.38,000,0.38
2012-01-06,0.38,0.38,0.38,0.38,000,0.38
2012-01-05,0.38,0.38,0.38,0.38,000,0.38
2012-01-04,0.38,0.38,0.38,0.38,000,0.38
2012-01-03,0.38,0.38,0.38,0.38,000,0.38
2012-01-02,0.38,0.38,0.38,0.38,000,0.38
2011-12-30,0.38,0.38,0.38,0.38,000,0.38
2011-12-29,0.38,0.38,0.38,0.38,000,0.38
2011-12-28,0.38,0.38,0.38,0.38,000,0.38
2011-12-27,0.26,0.38,0.26,0.38,100,0.38
2011-12-26,0.38,0.38,0.38,0.38,000,0.38
2011-12-23,0.38,0.38,0.38,0.38,000,0.38
2011-12-22,0.38,0.38,0.38,0.38,000,0.38
2011-12-21,0.38,0.38,0.38,0.38,100,0.38
2011-12-20,0.30,0.33,0.30,0.33,5100,0.33
2011-12-19,0.38,0.38,0.38,0.38,000,0.38
2011-12-16,0.38,0.38,0.38,0.38,000,0.38
2011-12-15,0.39,0.39,0.38,0.38,200,0.38
2011-12-14,0.38,0.38,0.38,0.38,100,0.38
2011-12-13,0.36,0.36,0.36,0.36,200,0.36
2011-12-12,0.34,0.34,0.30,0.34,200,0.34
2011-12-09,0.45,0.45,0.30,0.32,13900,0.32
2011-12-08,0.35,0.35,0.35,0.35,000,0.35
2011-12-07,0.36,0.36,0.28,0.35,000,0.35
2011-12-06,0.38,0.38,0.32,0.33,6200,0.33
2011-12-05,0.37,0.40,0.35,0.37,9800,0.37
2011-12-02,0.47,0.47,0.44,0.44,300,0.44
2011-12-01,0.41,0.45,0.41,0.45,400,0.45
2011-11-30,0.41,0.41,0.41,0.41,000,0.41
2011-11-29,0.41,0.41,0.41,0.41,000,0.41
2011-11-28,0.41,0.41,0.41,0.41,000,0.41
2011-11-25,0.41,0.41,0.41,0.41,000,0.41
2011-11-24,0.35,0.41,0.35,0.41,1600,0.41
2011-11-23,0.41,0.41,0.41,0.41,000,0.41
2011-11-22,0.41,0.41,0.41,0.41,100,0.41
2011-11-21,0.40,0.40,0.40,0.40,100,0.40
2011-11-18,0.41,0.42,0.41,0.41,200,0.41
2011-11-17,0.42,0.42,0.42,0.42,100,0.42
2011-11-16,0.39,0.40,0.39,0.40,900,0.40
2011-11-15,0.43,0.43,0.43,0.43,100,0.43
2011-11-14,0.43,0.43,0.43,0.43,100,0.43
2011-11-10,0.41,0.42,0.41,0.42,100,0.42
2011-11-09,0.40,0.40,0.40,0.40,400,0.40
2011-11-08,0.43,0.43,0.40,0.41,400,0.41
2011-11-07,0.42,0.43,0.40,0.40,700,0.40
2011-11-03,0.42,0.42,0.42,0.42,100,0.42
2011-11-02,0.39,0.40,0.39,0.40,1100,0.40
2011-10-31,0.41,0.41,0.41,0.41,100,0.41
2011-10-27,0.39,0.39,0.39,0.39,100,0.39
2011-10-26,0.28,0.38,0.28,0.38,300,0.38
2011-10-25,0.35,0.39,0.28,0.38,1500,0.38
2011-10-24,0.39,0.39,0.39,0.39,100,0.39
2011-10-21,0.48,0.48,0.36,0.37,7200,0.37
2011-10-19,0.42,0.51,0.40,0.40,300,0.40
2011-10-17,0.31,0.40,0.31,0.40,1000,0.40
2011-10-14,0.29,0.40,0.29,0.40,3000,0.40
2011-10-13,0.28,0.40,0.28,0.40,2300,0.40
2011-10-12,0.37,0.42,0.36,0.40,5100,0.40
2011-10-11,0.49,0.49,0.35,0.40,4900,0.40
2011-10-07,0.42,0.44,0.42,0.44,100,0.44
2011-10-06,0.42,0.42,0.40,0.40,500,0.40
2011-10-05,0.36,0.40,0.36,0.40,1000,0.40
2011-10-03,0.41,0.41,0.39,0.40,300,0.40
2011-09-28,0.40,0.40,0.40,0.40,100,0.40
2011-09-27,0.37,0.39,0.36,0.39,1600,0.39
2011-09-26,0.40,0.40,0.36,0.39,2100,0.39
2011-09-23,0.39,0.39,0.36,0.39,4200,0.39
2011-09-22,0.41,0.41,0.37,0.40,1200,0.40
2011-09-21,0.40,0.40,0.40,0.40,300,0.40
2011-09-20,0.40,0.44,0.36,0.40,600,0.40
2011-09-19,0.36,0.40,0.36,0.40,100,0.40
2011-09-16,0.40,0.40,0.40,0.40,300,0.40
2011-09-15,0.42,0.42,0.39,0.39,300,0.39
2011-09-14,0.40,0.40,0.39,0.39,1000,0.39
2011-09-13,0.39,0.39,0.39,0.39,300,0.39
2011-09-12,0.42,0.42,0.39,0.39,100,0.39
2011-09-09,0.42,0.42,0.36,0.39,100,0.39
2011-09-08,0.40,0.40,0.40,0.40,400,0.40
2011-09-07,0.41,0.42,0.40,0.40,400,0.40
2011-09-06,0.39,0.39,0.39,0.39,3500,0.39
2011-09-05,0.41,0.42,0.38,0.39,1100,0.39
2011-09-02,0.44,0.46,0.39,0.39,500,0.39
2011-09-01,0.39,0.43,0.39,0.43,3200,0.43
2011-08-31,0.42,0.46,0.42,0.43,2900,0.43
2011-08-30,0.52,0.52,0.44,0.46,14900,0.46
2011-08-29,0.45,0.49,0.40,0.48,9500,0.48
2011-08-26,0.41,0.41,0.40,0.41,1400,0.41
2011-08-25,0.42,0.42,0.40,0.42,2300,0.42
2011-08-24,0.42,0.43,0.42,0.43,1100,0.43
2011-08-23,0.40,0.44,0.40,0.44,1800,0.44
2011-08-22,0.44,0.44,0.41,0.44,1400,0.44
2011-08-19,0.48,0.48,0.44,0.44,500,0.44
2011-08-18,0.48,0.48,0.48,0.48,200,0.48
2011-08-17,0.44,0.48,0.44,0.48,200,0.48
2011-08-16,0.48,0.48,0.48,0.48,1000,0.48
2011-08-12,0.53,0.53,0.46,0.49,1200,0.49
2011-08-11,0.46,0.49,0.46,0.49,300,0.49
2011-08-10,0.55,0.55,0.50,0.50,1400,0.50
2011-08-09,0.53,0.53,0.50,0.50,1200,0.50
2011-08-08,0.55,0.55,0.52,0.52,1200,0.52
2011-08-04,0.54,0.54,0.54,0.54,700,0.54
2011-08-03,0.54,0.54,0.54,0.54,1000,0.54
2011-08-02,0.57,0.57,0.54,0.54,200,0.54
2011-08-01,0.55,0.55,0.54,0.54,400,0.54
2011-07-29,0.56,0.56,0.55,0.55,300,0.55
2011-07-28,0.54,0.55,0.54,0.55,1000,0.55
2011-07-27,0.59,0.59,0.55,0.55,4000,0.55
2011-07-25,0.60,0.60,0.55,0.55,1000,0.55
2011-07-22,0.61,0.61,0.55,0.55,500,0.55
2011-07-21,0.60,0.60,0.56,0.56,900,0.56
2011-07-20,0.57,0.57,0.56,0.56,1000,0.56
2010-09-27,0.62,0.63,0.62,0.63,200,0.63
2010-09-24,0.60,0.62,0.60,0.62,2400,0.62
2010-09-21,0.60,0.61,0.60,0.61,200,0.61
2010-09-17,0.60,0.61,0.54,0.60,2300,0.60
2010-09-16,0.56,0.60,0.56,0.60,2400,0.60
2010-09-15,0.58,0.58,0.58,0.58,000,0.58
2010-09-13,0.58,0.62,0.58,0.60,3500,0.60
2010-09-10,0.62,0.64,0.61,0.64,4600,0.64
2010-09-08,0.67,0.67,0.67,0.67,000,0.67
2010-09-07,0.68,0.68,0.68,0.68,200,0.68
2010-09-01,0.68,0.69,0.62,0.69,1800,0.69
2010-08-31,0.68,0.74,0.64,0.68,4000,0.68
2010-08-30,0.70,0.70,0.66,0.69,3200,0.69
2010-08-27,0.71,0.73,0.71,0.73,200,0.73
2010-08-25,0.72,0.74,0.65,0.72,700,0.72
2010-08-24,0.70,0.72,0.70,0.72,1100,0.72
2010-08-20,0.70,0.70,0.70,0.70,100,0.70
2010-08-18,0.65,0.70,0.58,0.69,24500,0.69
2010-08-17,0.64,0.64,0.64,0.64,000,0.64
2010-08-16,0.65,0.65,0.65,0.65,000,0.65
2010-08-13,0.67,0.67,0.67,0.67,100,0.67
2010-08-12,0.65,0.73,0.65,0.68,2400,0.68
2010-08-11,0.70,0.75,0.70,0.72,2000,0.72
2010-08-10,0.67,0.72,0.67,0.71,2700,0.71
2010-08-09,0.72,0.74,0.72,0.74,700,0.74
2010-08-06,0.62,0.72,0.62,0.72,5200,0.72
2010-08-05,0.64,0.69,0.64,0.68,6800,0.68
2010-08-04,0.70,0.71,0.69,0.71,2000,0.71
2010-08-03,0.69,0.69,0.69,0.69,100,0.69
2010-08-02,0.67,0.68,0.67,0.68,1200,0.68
2010-07-29,0.66,0.67,0.61,0.67,14200,0.67
2010-07-28,0.65,0.66,0.62,0.64,100,0.64
2010-07-27,0.67,0.67,0.60,0.64,7600,0.64
2010-07-26,0.66,0.66,0.66,0.66,354200,0.66
2010-07-23,0.66,0.67,0.59,0.64,2600,0.64
2010-07-22,0.67,0.67,0.65,0.65,400,0.65
2010-07-21,0.65,0.68,0.64,0.66,3900,0.66
2010-07-20,0.65,0.65,0.65,0.65,100,0.65
2010-07-19,0.63,0.64,0.63,0.64,2100,0.64
2010-07-16,0.59,0.64,0.55,0.63,6200,0.63
2010-07-15,0.59,0.59,0.59,0.59,100,0.59
2010-07-14,0.52,0.58,0.52,0.58,200,0.58
2010-07-13,0.57,0.57,0.57,0.57,100,0.57
2010-07-12,0.54,0.56,0.54,0.56,900,0.56
2010-07-09,0.53,0.54,0.53,0.54,1000,0.54
2010-07-08,0.53,0.53,0.53,0.53,000,0.53
2010-07-07,0.52,0.53,0.52,0.53,300,0.53
2010-07-06,0.50,0.52,0.48,0.52,4300,0.52
2010-07-01,0.53,0.54,0.51,0.53,2000,0.53
2010-06-29,0.53,0.53,0.53,0.53,100,0.53
2010-06-25,0.52,0.52,0.52,0.52,100,0.52
2010-06-24,0.48,0.51,0.48,0.51,2000,0.51
2010-06-23,0.49,0.52,0.49,0.52,200,0.52
2010-06-22,0.51,0.52,0.48,0.52,10200,0.52
2010-06-21,0.51,0.52,0.51,0.52,200,0.52
2010-06-15,0.51,0.52,0.51,0.52,200,0.52
2010-06-14,0.49,0.51,0.48,0.51,1600,0.51
2010-06-10,0.51,0.52,0.51,0.52,100,0.52
2010-06-09,0.45,0.50,0.45,0.50,1500,0.50
2010-06-08,0.47,0.53,0.47,0.50,2600,0.50
2010-06-07,0.48,0.52,0.48,0.52,5400,0.52
2010-06-04,0.53,0.53,0.53,0.53,100,0.53
2010-06-03,0.54,0.54,0.51,0.51,100,0.51
2010-06-02,0.46,0.51,0.46,0.51,300,0.51
2010-06-01,0.49,0.50,0.49,0.50,100,0.50
2010-05-28,0.51,0.52,0.46,0.52,500,0.52
2010-05-27,0.50,0.51,0.50,0.51,500,0.51
2010-05-26,0.52,0.52,0.49,0.50,400,0.50
2010-05-25,0.50,0.50,0.47,0.50,3800,0.50
2010-05-21,0.52,0.52,0.46,0.52,100,0.52
2010-05-20,0.46,0.51,0.46,0.51,700,0.51
2010-05-19,0.51,0.51,0.46,0.51,1100,0.51
2010-05-14,0.50,0.51,0.50,0.51,000,0.51
2010-05-13,0.49,0.51,0.48,0.50,700,0.50
2010-05-12,0.51,0.51,0.47,0.51,6000,0.51
2010-05-11,0.54,0.54,0.50,0.52,600,0.52
2010-05-10,0.53,0.55,0.52,0.53,300,0.53
2010-05-07,0.52,0.52,0.52,0.52,100,0.52
2010-05-06,0.50,0.52,0.50,0.50,3700,0.50
2010-05-04,0.55,0.55,0.55,0.55,100,0.55
2010-05-03,0.54,0.54,0.54,0.54,500,0.54
2010-04-30,0.53,0.54,0.48,0.54,3800,0.54
2010-04-29,0.55,0.55,0.51,0.52,1100,0.52
2010-04-28,0.48,0.52,0.48,0.52,1500,0.52
2010-04-27,0.55,0.55,0.52,0.52,1600,0.52
2010-04-26,0.57,0.57,0.57,0.57,100,0.57
2010-04-22,0.54,0.55,0.54,0.55,300,0.55
2010-04-20,0.56,0.57,0.56,0.57,1100,0.57
2010-04-19,0.51,0.57,0.51,0.56,3400,0.56
2010-04-16,0.53,0.54,0.53,0.54,200,0.54
2010-04-15,0.53,0.53,0.53,0.53,1000,0.53
2010-04-14,0.52,0.53,0.52,0.53,100,0.53
2010-04-13,0.53,0.53,0.53,0.53,000,0.53
2010-04-12,0.52,0.52,0.52,0.52,500,0.52
2010-04-09,0.52,0.52,0.52,0.52,100,0.52
2010-04-08,0.49,0.51,0.48,0.51,100,0.51
2010-04-07,0.50,0.52,0.46,0.51,3300,0.51
2010-04-06,0.49,0.49,0.49,0.49,200,0.49
2010-03-30,0.56,0.57,0.53,0.54,1800,0.54
2010-03-29,0.57,0.58,0.57,0.58,100,0.58
2010-03-26,0.50,0.56,0.50,0.56,1500,0.56
2010-03-24,0.50,0.54,0.50,0.54,2600,0.54
2010-03-23,0.49,0.54,0.49,0.54,200,0.54
2010-03-22,0.54,0.54,0.54,0.54,000,0.54
2010-03-19,0.52,0.54,0.52,0.54,300,0.54
2010-03-18,0.54,0.54,0.50,0.54,3000,0.54
2010-03-17,0.55,0.55,0.55,0.55,500,0.55
2010-03-16,0.56,0.57,0.56,0.57,100,0.57
2010-03-15,0.55,0.59,0.54,0.59,24600,0.59
2010-03-12,0.57,0.59,0.56,0.57,6300,0.57
2010-03-11,0.57,0.58,0.56,0.58,2500,0.58
2010-03-10,0.56,0.57,0.56,0.57,9100,0.57
2010-03-09,0.56,0.59,0.56,0.59,2200,0.59
2010-03-08,0.55,0.58,0.55,0.58,800,0.58
2010-03-05,0.59,0.59,0.59,0.59,300,0.59
2010-03-04,0.56,0.58,0.56,0.58,1200,0.58
2010-03-03,0.57,0.60,0.55,0.56,7900,0.56
2010-03-02,0.55,0.59,0.55,0.57,4600,0.57
2010-03-01,0.59,0.60,0.55,0.59,67000,0.59
2010-02-26,0.58,0.60,0.58,0.60,1100,0.60
2010-02-24,0.56,0.60,0.56,0.60,2200,0.60
2010-02-23,0.59,0.59,0.59,0.59,000,0.59
2010-02-22,0.57,0.59,0.57,0.59,5000,0.59
2010-02-19,0.53,0.58,0.53,0.56,25900,0.56
2010-02-18,0.57,0.57,0.57,0.57,000,0.57
2010-02-12,0.54,0.58,0.54,0.58,300,0.58
2010-02-10,0.57,0.59,0.57,0.59,400,0.59
2010-02-09,0.55,0.57,0.55,0.57,1000,0.57
2010-02-08,0.56,0.59,0.54,0.57,600,0.57
2010-02-05,0.57,0.58,0.57,0.58,200,0.58
2010-02-04,0.58,0.58,0.58,0.58,000,0.58
2010-02-02,0.54,0.60,0.54,0.60,1700,0.60
2010-01-28,0.59,0.60,0.59,0.60,700,0.60
2009-08-17,0.88,0.88,0.81,0.85,500,0.85
2009-05-29,0.80,0.85,0.79,0.85,12700,0.85
2009-05-28,0.78,0.78,0.77,0.78,900,0.78
2009-05-27,0.73,0.75,0.70,0.75,4200,0.75
2009-05-26,0.71,0.71,0.70,0.70,11000,0.70
2009-05-25,0.63,0.70,0.62,0.69,11800,0.69
2009-05-22,0.64,0.65,0.63,0.65,4400,0.65
2009-05-21,0.67,0.67,0.61,0.65,13400,0.65
2009-05-20,0.66,0.69,0.63,0.67,5400,0.67
2009-05-19,0.63,0.67,0.63,0.67,1700,0.67
2009-05-13,0.68,0.69,0.64,0.68,3700,0.68
2009-05-12,0.64,0.69,0.64,0.68,600,0.68
2009-05-11,0.65,0.69,0.65,0.69,700,0.69
2009-05-08,0.70,0.71,0.63,0.68,14200,0.68
2009-05-07,0.65,0.71,0.65,0.66,2000,0.66
2009-05-06,0.72,0.72,0.71,0.71,600,0.71
2009-05-05,0.68,0.72,0.68,0.72,3100,0.72
2009-05-04,0.70,0.70,0.70,0.70,000,0.70
2009-04-30,0.67,0.68,0.64,0.67,11100,0.67
2009-04-29,0.61,0.63,0.61,0.63,5500,0.63
2009-04-28,0.63,0.63,0.58,0.58,4100,0.58
2009-04-27,0.55,0.62,0.54,0.62,27000,0.62
2009-04-24,0.58,0.58,0.57,0.57,4500,0.57
2009-04-23,0.55,0.59,0.54,0.58,26500,0.58
2009-04-22,0.56,0.59,0.56,0.59,1100,0.59
2009-04-16,0.55,0.57,0.53,0.57,2300,0.57
2009-04-15,0.48,0.55,0.48,0.55,4400,0.55
2009-04-14,0.49,0.54,0.49,0.50,9000,0.50
2009-04-09,0.46,0.50,0.46,0.48,12400,0.48
2009-04-08,0.44,0.46,0.44,0.46,2700,0.46
2009-04-07,0.44,0.47,0.44,0.45,17400,0.45
2009-04-06,0.51,0.51,0.45,0.48,8100,0.48
2009-04-03,0.53,0.53,0.48,0.50,8700,0.50
2009-04-02,0.53,0.58,0.53,0.56,11100,0.56
2009-03-31,0.58,0.58,0.58,0.58,1500,0.58
2009-03-27,0.55,0.58,0.55,0.58,200,0.58
2009-03-26,0.54,0.57,0.54,0.57,3200,0.57
2009-03-24,0.57,0.57,0.54,0.56,1800,0.56
2009-03-23,0.55,0.57,0.55,0.57,100,0.57
2009-03-19,0.54,0.57,0.53,0.57,66400,0.57
2009-03-17,0.55,0.56,0.54,0.56,10300,0.56
2009-03-16,0.55,0.56,0.55,0.56,100,0.56
2009-03-13,0.54,0.55,0.54,0.54,1100,0.54
2009-03-12,0.54,0.55,0.50,0.53,3000,0.53
2009-03-10,0.52,0.55,0.52,0.55,1000,0.55
2009-03-09,0.54,0.54,0.54,0.54,1000,0.54
2009-03-05,0.57,0.57,0.53,0.54,3200,0.54
2009-03-04,0.56,0.57,0.55,0.57,1300,0.57
2009-03-03,0.56,0.57,0.56,0.57,500,0.57
2009-02-26,0.56,0.56,0.56,0.56,400,0.56
2009-02-25,0.56,0.56,0.56,0.56,000,0.56
2009-02-24,0.54,0.56,0.54,0.56,600,0.56
2009-02-23,0.56,0.58,0.54,0.58,6200,0.58
2009-02-20,0.59,0.59,0.54,0.59,200,0.59
2009-02-19,0.60,0.60,0.54,0.54,700,0.54
2009-02-18,0.57,0.58,0.57,0.58,1300,0.58
2009-02-17,0.55,0.58,0.55,0.58,1600,0.58
2009-02-16,0.59,0.59,0.57,0.58,12200,0.58
2009-02-13,0.60,0.60,0.59,0.60,500,0.60
2009-02-12,0.60,0.60,0.58,0.60,700,0.60
2009-02-11,0.64,0.64,0.59,0.59,9600,0.59
2009-02-10,0.65,0.65,0.64,0.65,500,0.65
2009-02-09,0.64,0.64,0.63,0.64,500,0.64
2009-02-06,0.63,0.63,0.62,0.63,800,0.63
2009-02-05,0.63,0.63,0.60,0.63,600,0.63
2009-02-04,0.63,0.63,0.62,0.63,1000,0.63
2009-02-03,0.64,0.64,0.62,0.63,700,0.63
2009-02-02,0.62,0.65,0.59,0.62,3100,0.62
2009-01-30,0.62,0.62,0.61,0.61,2100,0.61
2009-01-29,0.63,0.63,0.60,0.62,900,0.62
2009-01-28,0.63,0.63,0.58,0.63,9500,0.63
2009-01-27,0.62,0.63,0.59,0.63,2000,0.63
2009-01-26,0.64,0.64,0.58,0.64,1500,0.64
2009-01-23,0.65,0.65,0.60,0.62,5600,0.62
2009-01-22,0.67,0.70,0.61,0.63,6500,0.63
2009-01-21,0.71,0.71,0.64,0.67,7900,0.67
2009-01-20,0.80,0.80,0.70,0.71,7400,0.71
2008-12-24,0.88,0.88,0.88,0.88,000,0.88
2008-12-23,0.86,0.88,0.86,0.88,400,0.88
2008-12-19,0.86,0.86,0.83,0.86,400,0.86
2008-12-18,0.86,0.88,0.83,0.86,900,0.86
2008-12-17,0.87,0.87,0.79,0.86,6000,0.86
2008-12-16,0.87,0.87,0.87,0.87,000,0.87
2008-12-15,0.87,0.87,0.85,0.86,900,0.86
2008-12-12,0.87,0.88,0.78,0.86,4700,0.86
2008-12-11,0.84,0.86,0.83,0.86,3300,0.86
2008-12-10,0.90,0.90,0.80,0.86,10400,0.86
2008-12-09,0.82,0.90,0.82,0.87,300,0.87
2008-12-08,0.95,0.95,0.87,0.91,1300,0.91
2008-12-05,0.89,0.89,0.89,0.89,000,0.89
2008-12-04,0.89,0.91,0.84,0.87,9100,0.87
2008-12-03,0.89,0.90,0.84,0.89,3700,0.89
2008-12-02,0.89,0.90,0.85,0.89,2500,0.89
2008-12-01,0.90,0.90,0.89,0.89,000,0.89
2008-11-28,0.91,0.91,0.83,0.90,3900,0.90
2008-11-27,0.91,0.91,0.85,0.90,13400,0.90
2008-11-26,0.90,0.90,0.87,0.88,700,0.88
2008-11-25,0.85,0.91,0.84,0.88,4800,0.88
2008-11-24,0.85,0.85,0.85,0.85,100,0.85
2008-11-21,0.85,0.85,0.83,0.84,5900,0.84
2008-11-20,0.85,0.85,0.82,0.84,3700,0.84
2008-11-19,0.85,0.85,0.85,0.85,000,0.85
2008-11-18,0.85,0.85,0.81,0.85,900,0.85
2008-11-17,0.84,0.84,0.81,0.84,4700,0.84
2008-11-14,0.87,0.87,0.83,0.83,100,0.83
2008-11-13,0.86,0.86,0.82,0.83,100,0.83
2008-11-12,0.89,0.89,0.80,0.84,4100,0.84
2008-11-11,0.90,0.90,0.80,0.83,9100,0.83
2008-11-10,0.93,0.93,0.83,0.84,600,0.84
2008-11-07,0.88,0.88,0.80,0.87,5800,0.87
2008-11-06,0.89,0.89,0.84,0.87,9600,0.87
2008-11-05,0.93,0.96,0.89,0.94,12300,0.94
2008-11-04,0.95,0.95,0.92,0.94,9500,0.94
2008-11-03,1.02,1.02,0.92,0.95,37600,0.95
2008-10-31,1.09,1.09,0.99,1.02,29000,1.02
2008-10-30,1.13,1.13,1.05,1.09,32300,1.09
2008-10-29,1.18,1.25,1.12,1.16,11300,1.16
2008-10-27,1.17,1.18,1.10,1.16,7800,1.16
2008-10-24,1.20,1.20,0.96,1.17,21500,1.17
2008-10-23,1.23,1.23,1.10,1.19,4000,1.19
2008-10-22,1.25,1.25,1.15,1.24,3800,1.24
2008-10-21,1.29,1.29,1.23,1.25,100,1.25
2008-10-20,1.31,1.31,1.08,1.23,27700,1.23
2008-10-17,1.38,1.38,1.23,1.23,5100,1.23
2008-10-16,1.39,1.39,1.27,1.36,2200,1.36
2008-10-15,1.42,1.42,1.30,1.39,1100,1.39
2008-10-14,1.44,1.44,1.27,1.42,300,1.42
2008-10-13,1.38,1.38,1.38,1.38,100,1.38
2008-10-10,1.32,1.32,1.26,1.28,14500,1.28
2008-10-09,1.35,1.35,1.26,1.32,1000,1.32
2008-10-08,1.23,1.34,1.23,1.34,3000,1.34
2008-10-07,1.36,1.36,1.26,1.35,5400,1.35
2008-10-06,1.36,1.36,1.36,1.36,000,1.36
2008-10-03,1.36,1.36,1.26,1.36,900,1.36
2008-10-02,1.36,1.36,1.30,1.36,100,1.36
2008-10-01,1.37,1.37,1.26,1.35,400,1.35
2008-09-30,1.36,1.36,1.25,1.36,9000,1.36
2008-09-29,1.46,1.46,1.33,1.36,800,1.36
2008-09-26,1.38,1.38,1.38,1.38,000,1.38
2008-09-25,1.39,1.39,1.31,1.38,2700,1.38
2008-09-24,1.38,1.38,1.31,1.38,800,1.38
2008-09-23,1.43,1.43,1.30,1.37,1400,1.37
2008-09-22,1.44,1.44,1.36,1.38,103900,1.38
2008-09-19,1.46,1.46,1.37,1.44,100,1.44
2008-09-18,1.37,1.37,1.34,1.37,3000,1.37
2008-09-17,1.39,1.39,1.36,1.39,100,1.39
2008-09-16,1.43,1.43,1.33,1.35,1500,1.35
2008-09-15,1.40,1.42,1.34,1.37,1700,1.37
2008-09-12,1.48,1.48,1.35,1.40,16700,1.40
2008-09-11,1.49,1.49,1.42,1.48,3600,1.48
2008-09-10,1.50,1.50,1.42,1.42,2800,1.42
2008-09-09,1.57,1.63,1.48,1.48,4500,1.48
2008-09-08,1.46,1.58,1.46,1.56,7200,1.56
2008-09-05,1.33,1.52,1.33,1.52,11300,1.52
2008-09-04,1.37,1.51,1.36,1.51,37000,1.51
2008-09-03,1.49,1.56,1.47,1.55,16800,1.55
2008-09-02,1.40,1.71,1.37,1.70,59100,1.70
2008-09-01,1.70,1.71,1.70,1.71,100,1.71
2008-08-29,1.70,1.70,1.70,1.70,000,1.70
2008-08-28,1.70,1.70,1.69,1.70,100,1.70
2008-08-27,1.70,1.71,1.60,1.70,1800,1.70
2008-08-26,1.71,1.71,1.70,1.71,100,1.71
2008-08-25,1.71,1.71,1.68,1.70,400,1.70
2008-08-22,1.72,1.72,1.72,1.72,000,1.72
2008-08-21,1.70,1.72,1.70,1.72,100,1.72
2008-08-20,1.70,1.70,1.68,1.70,200,1.70
2008-08-19,1.72,1.72,1.67,1.71,700,1.71
2008-08-18,1.72,1.72,1.63,1.72,400,1.72
2008-07-28,1.75,1.75,1.67,1.75,5000,1.75
2008-07-25,1.78,1.78,1.70,1.75,1600,1.75
2008-07-24,1.77,1.78,1.71,1.78,500,1.78
2008-07-23,1.80,1.80,1.71,1.76,9400,1.76
2008-07-22,1.79,1.79,1.79,1.79,000,1.79
2008-07-21,1.78,1.79,1.68,1.79,6000,1.79
2008-07-18,1.77,1.78,1.70,1.78,700,1.78
2008-07-17,1.72,1.77,1.68,1.77,38900,1.77
2008-07-16,1.72,1.72,1.72,1.72,000,1.72
2008-07-15,1.75,1.75,1.70,1.72,800,1.72
2008-07-14,1.72,1.75,1.69,1.75,13300,1.75
2008-07-11,1.76,1.78,1.67,1.77,8300,1.77
2008-07-10,1.70,1.77,1.70,1.77,2700,1.77
2008-07-09,1.75,1.78,1.68,1.78,8500,1.78
2008-07-08,1.73,1.75,1.70,1.75,2100,1.75
2008-07-07,1.76,1.76,1.66,1.74,16000,1.74
2008-07-04,1.78,1.78,1.68,1.76,1600,1.76
2008-07-03,1.62,1.79,1.60,1.79,11800,1.79
2008-07-02,1.73,1.73,1.60,1.72,6600,1.72
2008-07-01,1.78,1.78,1.55,1.74,900,1.74
2008-06-30,1.77,1.80,1.58,1.71,32800,1.71
2008-06-27,1.82,1.82,1.70,1.75,4000,1.75
2008-06-26,1.82,1.82,1.74,1.80,4500,1.80
2008-06-25,1.81,1.81,1.78,1.80,2600,1.80
2008-06-24,1.80,1.80,1.72,1.80,7500,1.80
2008-06-23,1.83,1.83,1.77,1.79,600,1.79
2008-06-20,1.83,1.83,1.80,1.83,2000,1.83
2008-06-19,1.80,1.80,1.65,1.80,2300,1.80
2008-06-18,1.84,1.86,1.79,1.82,2100,1.82
2008-06-17,1.83,1.86,1.79,1.84,1800,1.84
2008-06-13,1.87,1.87,1.80,1.86,5500,1.86
2008-06-12,1.92,1.92,1.80,1.86,6500,1.86
2008-06-11,1.95,1.95,1.86,1.86,300,1.86
2008-06-10,1.86,1.89,1.82,1.84,5100,1.84
2008-06-09,1.89,1.89,1.83,1.85,3200,1.85
2008-06-06,1.90,1.91,1.86,1.90,12500,1.90
2008-06-05,1.91,1.91,1.86,1.90,4100,1.90
2008-06-04,1.91,1.93,1.87,1.90,5200,1.90
2008-06-03,1.94,1.94,1.86,1.91,13000,1.91
2008-06-02,1.93,1.96,1.86,1.92,12600,1.92
2008-05-30,1.90,1.92,1.85,1.92,6600,1.92
2008-05-29,1.84,1.91,1.84,1.91,4500,1.91
2008-05-28,1.81,1.91,1.81,1.91,1000,1.91
2008-05-27,1.83,1.87,1.80,1.87,15300,1.87
2008-05-26,1.88,1.88,1.88,1.88,500,1.88
2008-05-23,1.88,1.94,1.85,1.92,8600,1.92
2008-05-22,1.91,1.97,1.89,1.94,4500,1.94
2008-05-21,1.97,1.98,1.93,1.98,2400,1.98
2008-05-20,1.93,1.98,1.90,1.98,4300,1.98
2008-05-19,2.00,2.00,2.00,2.00,100,2.00
2008-05-16,1.95,2.00,1.94,1.95,8400,1.95
2008-05-15,1.98,2.02,1.97,2.02,15200,2.02
2008-05-14,2.03,2.04,2.03,2.04,500,2.04
2008-05-13,2.00,2.04,2.00,2.04,2200,2.04
2008-05-12,2.03,2.05,2.02,2.05,3000,2.05
2008-05-09,2.05,2.05,1.97,2.05,400,2.05
2008-05-08,2.03,2.05,1.97,2.05,3700,2.05
2008-05-07,2.02,2.10,2.02,2.05,5500,2.05
2008-05-06,2.02,2.02,1.91,2.02,2300,2.02
2008-05-05,1.97,2.03,1.97,2.02,4100,2.02
2008-05-02,1.97,2.04,1.94,2.01,14500,2.01
2008-04-30,1.99,1.99,1.99,1.99,1000,1.99
2008-04-29,1.91,2.00,1.91,1.99,1200,1.99
2008-04-24,1.95,1.99,1.95,1.99,6900,1.99
2008-04-23,1.96,1.96,1.96,1.96,000,1.96
2008-04-22,1.97,1.98,1.96,1.98,1700,1.98
2008-04-18,1.91,1.97,1.90,1.97,5400,1.97
2008-04-17,1.97,1.97,1.96,1.97,3500,1.97
2008-04-16,1.94,1.97,1.94,1.97,11200,1.97
2008-04-15,1.91,1.94,1.90,1.94,12300,1.94
2008-04-14,1.91,1.94,1.91,1.93,5600,1.93
2008-04-11,1.95,1.97,1.90,1.97,5100,1.97
2008-04-10,1.95,1.95,1.86,1.95,3600,1.95
2008-04-09,1.96,1.96,1.90,1.95,1400,1.95
2008-04-08,1.99,1.99,1.97,1.97,100,1.97
2008-04-07,1.99,2.00,1.93,1.97,3100,1.97
2008-04-04,1.98,2.01,1.91,1.99,9400,1.99
2008-04-03,1.98,2.04,1.97,2.02,5600,2.02
2008-04-02,1.96,2.08,1.95,2.07,13300,2.07
2008-04-01,1.90,2.05,1.90,2.05,16900,2.05
2008-03-31,1.90,1.95,1.90,1.95,2400,1.95
2008-03-28,1.91,1.95,1.88,1.95,10900,1.95
2008-03-27,2.00,2.00,1.90,1.97,16600,1.97
2008-03-26,1.90,1.99,1.87,1.99,13600,1.99
2008-03-20,2.01,2.01,1.90,2.00,3300,2.00
2008-03-19,2.03,2.04,1.96,2.03,900,2.03
2008-03-18,1.95,2.02,1.89,2.01,8500,2.01
2008-03-17,2.00,2.02,1.86,1.89,3500,1.89
2008-03-14,1.98,2.03,1.95,2.03,11500,2.03
2008-03-13,1.95,1.95,1.90,1.95,14900,1.95
2008-03-12,1.87,1.97,1.85,1.97,15100,1.97
2008-03-11,1.81,1.87,1.80,1.86,6700,1.86
2008-03-07,1.80,1.87,1.80,1.87,6900,1.87
2008-03-06,1.80,1.83,1.78,1.81,9600,1.81
2008-03-03,1.80,1.85,1.80,1.85,10400,1.85
2008-02-29,1.83,1.87,1.80,1.87,10200,1.87
2008-02-28,1.87,1.87,1.78,1.84,6500,1.84
2008-02-27,1.84,1.86,1.80,1.85,10900,1.85
2008-02-26,1.86,1.86,1.79,1.84,500,1.84
2008-02-25,1.83,1.84,1.78,1.83,12300,1.83
2008-02-22,1.75,1.79,1.75,1.78,9500,1.78
2008-02-21,1.78,1.79,1.72,1.77,13600,1.77
2008-02-20,1.81,1.86,1.74,1.74,42000,1.74
2008-02-19,1.85,1.86,1.80,1.82,35400,1.82
2008-02-18,1.82,1.86,1.82,1.85,2100,1.85
2008-02-15,1.85,1.90,1.83,1.85,20400,1.85
2008-02-14,1.82,1.89,1.80,1.85,44800,1.85
2008-02-13,1.96,1.96,1.82,1.89,25100,1.89
2008-02-12,2.03,2.08,1.99,2.01,23200,2.01
2008-02-11,2.16,2.16,2.05,2.12,4600,2.12
2008-02-08,2.19,2.19,2.04,2.17,19200,2.17
2008-02-07,2.19,2.19,2.19,2.19,1100,2.19
2008-02-06,2.13,2.20,2.11,2.20,5700,2.20
2008-02-05,2.15,2.19,2.14,2.17,4600,2.17
2008-02-04,2.13,2.21,2.11,2.15,9700,2.15
2008-02-01,2.23,2.24,2.10,2.20,20800,2.20
2008-01-31,2.09,2.20,2.08,2.20,4200,2.20
2008-01-30,2.23,2.23,2.15,2.16,3200,2.16
2008-01-29,2.24,2.24,2.13,2.22,4700,2.22
2008-01-28,2.21,2.22,2.15,2.22,900,2.22
2008-01-25,2.25,2.26,2.18,2.22,4200,2.22
2008-01-24,2.30,2.30,2.12,2.17,12500,2.17
2008-01-23,2.33,2.40,2.10,2.24,9200,2.24
2008-01-22,2.10,2.19,2.03,2.19,3700,2.19
2008-01-21,2.26,2.26,2.05,2.21,8000,2.21
2008-01-18,2.27,2.27,2.25,2.27,300,2.27
2008-01-17,2.30,2.30,2.20,2.28,5000,2.28
2008-01-16,2.37,2.37,2.27,2.30,5800,2.30
2008-01-15,2.39,2.39,2.21,2.38,9600,2.38
2008-01-14,2.39,2.47,2.38,2.39,4500,2.39
2008-01-11,2.43,2.51,2.35,2.45,11600,2.45
2008-01-10,2.52,2.55,2.42,2.52,9400,2.52
2008-01-09,2.59,2.59,2.44,2.59,11100,2.59
2008-01-08,2.78,2.78,2.57,2.59,25400,2.59
2008-01-07,2.84,2.84,2.84,2.84,800,2.84
2008-01-04,2.80,2.85,2.74,2.84,5300,2.84
2008-01-03,2.87,2.87,2.79,2.82,7200,2.82
2008-01-02,2.81,2.87,2.80,2.87,1500,2.87
2007-12-31,2.88,2.88,2.88,2.88,400,2.88
